{"cameraMode":{"drawMode":0,"name":"Shaded","section":"Shading Mode"},"sceneLighting":false,"audioPlay":false,"sceneViewState":{"showFog":true,"showMaterialUpdate":true,"showSkybox":false,"showFlares":true,"showImageEffects":true,"showParticleSystems":true},"in2DMode":false,"pivot":{"x":-13.340568542480469,"y":1.659999966621399,"z":175.38999938964845},"rotation":{"x":-0.08411362022161484,"y":-0.19100533425807954,"z":0.016435498371720315,"w":-0.9778502583503723},"size":1.2990410327911378,"orthographic":false}