{"cameraMode":{"drawMode":0,"name":"Shaded","section":"Shading Mode"},"sceneLighting":true,"audioPlay":false,"sceneViewState":{"showFog":true,"showMaterialUpdate":true,"showSkybox":true,"showFlares":true,"showImageEffects":true,"showParticleSystems":true},"in2DMode":false,"pivot":{"x":-0.029999971389770509,"y":2.874994993209839,"z":98.41499328613281},"rotation":{"x":-0.03574925661087036,"y":0.8145503401756287,"z":-0.050374943763017657,"w":-0.576849639415741},"size":98.47730255126953,"orthographic":false}