{"cameraMode":{"drawMode":0,"name":"Shaded","section":"Shading Mode"},"sceneLighting":false,"audioPlay":false,"sceneViewState":{"showFog":true,"showMaterialUpdate":true,"showSkybox":false,"showFlares":true,"showImageEffects":true,"showParticleSystems":true},"in2DMode":false,"pivot":{"x":-2.4100265502929689,"y":30.5,"z":18.473142623901368},"rotation":{"x":-0.08411362022161484,"y":-0.19100533425807954,"z":0.016435498371720315,"w":-0.9778502583503723},"size":0.4330126941204071,"orthographic":false}