{"cameraMode":{"drawMode":0,"name":"Shaded","section":"Shading Mode"},"sceneLighting":true,"audioPlay":false,"sceneViewState":{"showFog":true,"showMaterialUpdate":true,"showSkybox":false,"showFlares":true,"showImageEffects":true,"showParticleSystems":true},"in2DMode":false,"pivot":{"x":0.19900035858154298,"y":35.452999114990237,"z":1.4479999542236329},"rotation":{"x":-0.13563694059848786,"y":0.4371580183506012,"z":-0.06687737256288529,"w":-0.8865857124328613},"size":18.186532974243165,"orthographic":false}